{"06lVeN7VhGd2idIBtiqaGg==":"mbr-636x424.jpg","990CUdMbyNikygpLa7+ySw==":"mbr-541x361.jpg","uPpB60xtL11bEGpFfcgmaw==":"mbr-541x330.jpg","Dxdwh4F3GbKNX4tm7sL1+w==":"telur-dadar-wortel-foto-resep-utama-541x383.jpg","hWSfl+JAE4MdHPvMWQcwXw==":"nasi-bento-karakter-foto-resep-utama%20(1)-541x383.jpg","KPdcVlV/9d3nRlHrJth34g==":"jus-pepaya-daun-mint-foto-resep-utama-541x383.jpg","/rLWpYIzSr/oJ7v0aCk1cg==":"picco-de-gallo-sambal-salsa-ala-mexico-foto-resep-utama-541x383.jpg","NoDCySWoi+t+0Vpjn+zsEQ==":"asinan-buah-foto-resep-utama-751x532.jpg","wYy3nGm5e9pT0dHhf8Zl5A==":"ayam-bakar-pedas-manis-foto-resep-utama-541x383.jpg","gOON9eMTSOBUrELir9qucQ==":"mbr-1920x1280.jpg","99p7nvl7PW3nd9fa0c/7Xg==":"mbr-1920x1440.jpg","Qo0UlDnKlsPYy23iyaNiUg==":"mbr-1-1920x1280.jpg","gEGKDdNDcvqZNR6Bxi3Bvw==":"mbr-1920x1281.jpg","l4TlcZZiQe7CEvATM6Pv+Q==":"mbr-2-1920x1280.jpg","FN+ikVQ0niOmt5UbAAthyQ==":"mbr-3-1920x1280.jpg","Bdw4voLX4mgBjJbELCzdPw==":"mbr-4-1920x1280.jpg","MCNIsK5vF56cUnqU0rt8KA==":"mbr-1920x1152.jpg","4AwZAsZ5HuioermlINkcBw==":"mbr-1920x1079.jpg","s6bXiAhsrSrxjSFHcs4eHg==":"mbr-5-1920x1280.jpg","j5lC4+tHaoylVnFV2qmgQA==":"mbr-1-1920x1281.jpg","50EpepJgU28YRSwg6d7lrg==":"mbr-6-1920x1280.jpg","X7/QL1jxbwc0eCcySpUEbA==":"mbr-1920x1117.jpg","2Xi9BtHywjIEl8h3xhV6Eg==":"mbr-1920x1316.jpg","db2yWHKBFoIcGz/bGJg2iw==":"mbr-1920x1425.jpg","9pd7czDnjI4sBghjlAvOvQ==":"mbr-1920x1920.jpg","g+XSheKHsNPTuSRtTrlKSQ==":"mbr-1-1920x1920.jpg","RSiH6rvLU3FEdhJ7K5sbqg==":"mbr-7-1920x1280.jpg","Bij4XgNi0wMthZWGTQ82nQ==":"mbr-8-1920x1280.jpg"}