<?xml version="1.0" encoding="utf-8" standalone="yes"?>
<rss version="2.0" xmlns:atom="http://www.w3.org/2005/Atom">
  <channel>
    <title>Mixes on Sleek Demo</title>
    <link>https://citations-d-amour.yippee-ki-yay.us/mix/</link>
    <description>Recent content in Mixes on Sleek Demo</description>
    <generator>Hugo -- gohugo.io</generator>
    <language>en-us</language>
    <lastBuildDate>Sat, 26 Sep 2020 20:12:49 +0000</lastBuildDate><atom:link href="https://citations-d-amour.yippee-ki-yay.us/mix/index.xml" rel="self" type="application/rss+xml" />
    <item>
      <title>Recipe of Any-night-of-the-week Bacon wrapped dates stuffed with ricotta cheese</title>
      <link>https://citations-d-amour.yippee-ki-yay.us/mix/6-recipe-of-any-night-of-the-week-bacon-wrapped-dates-stuffed-with-ricotta-cheese/</link>
      <pubDate>Sat, 26 Sep 2020 20:12:49 +0000</pubDate>
      
      <guid>https://citations-d-amour.yippee-ki-yay.us/mix/6-recipe-of-any-night-of-the-week-bacon-wrapped-dates-stuffed-with-ricotta-cheese/</guid>
      <description>Bacon wrapped dates stuffed with ricotta cheese
Hey everyone, I hope you&amp;rsquo;re having an incredible day today. Today, I will show you a way to prepare a special dish, bacon wrapped dates stuffed with ricotta cheese. It is one of my favorites food recipes. This time, I am going to make it a bit unique. This will be really delicious.
These chicken breasts stuffed with ricotta cheese, spinach, and wrapped with bacon are a sure-fire way to impress!</description>
    </item>
    
    <item>
      <title>Step-by-Step Guide to Prepare Any-night-of-the-week Argentine Red Shrimp With Tomatoes &amp; Feta Cheese</title>
      <link>https://citations-d-amour.yippee-ki-yay.us/mix/7-step-by-step-guide-to-prepare-any-night-of-the-week-argentine-red-shrimp-with-tomatoes-feta-cheese/</link>
      <pubDate>Sun, 20 Sep 2020 06:11:24 +0000</pubDate>
      
      <guid>https://citations-d-amour.yippee-ki-yay.us/mix/7-step-by-step-guide-to-prepare-any-night-of-the-week-argentine-red-shrimp-with-tomatoes-feta-cheese/</guid>
      <description>Argentine Red Shrimp With Tomatoes &amp;amp;amp; Feta Cheese
Hey everyone, I hope you are having an amazing day today. Today, I&amp;rsquo;m gonna show you how to prepare a distinctive dish, argentine red shrimp with tomatoes &amp;amp; feta cheese. It is one of my favorites. For mine, I am going to make it a little bit tasty. This will be really delicious.
Argentine Red Shrimp With Tomatoes &amp;amp; Feta Cheese is one of the most favored of current trending foods on earth.</description>
    </item>
    
    <item>
      <title>Step-by-Step Guide to Prepare Favorite Colorful Mixed Vegetables</title>
      <link>https://citations-d-amour.yippee-ki-yay.us/mix/3182-step-by-step-guide-to-prepare-favorite-colorful-mixed-vegetables/</link>
      <pubDate>Sat, 15 Aug 2020 16:46:06 +0000</pubDate>
      
      <guid>https://citations-d-amour.yippee-ki-yay.us/mix/3182-step-by-step-guide-to-prepare-favorite-colorful-mixed-vegetables/</guid>
      <description>Colorful Mixed Vegetables
Hello everybody, I hope you&amp;rsquo;re having an incredible day today. Today, I will show you a way to prepare a special dish, colorful mixed vegetables. It is one of my favorites food recipes. This time, I will make it a little bit unique. This is gonna smell and look delicious.
Different fruits and vegetables isolated on white. Colorful mixed vegetables - download this royalty free Stock Photo in seconds.</description>
    </item>
    
    <item>
      <title>Step-by-Step Guide to Prepare Award-winning Taco Mac&#39; n cheese</title>
      <link>https://citations-d-amour.yippee-ki-yay.us/mix/1-step-by-step-guide-to-prepare-award-winning-taco-mac-and-39-n-cheese/</link>
      <pubDate>Sat, 08 Aug 2020 03:32:09 +0000</pubDate>
      
      <guid>https://citations-d-amour.yippee-ki-yay.us/mix/1-step-by-step-guide-to-prepare-award-winning-taco-mac-and-39-n-cheese/</guid>
      <description>Taco Mac&amp;#39; n cheese
Hello everybody, I hope you are having an amazing day today. Today, I will show you a way to prepare a distinctive dish, taco mac&#39; n cheese. One of my favorites. For mine, I am going to make it a bit unique. This is gonna smell and look delicious.
Taco Mac&#39; n cheese is one of the most popular of current trending meals on earth. It&amp;rsquo;s easy, it&amp;rsquo;s quick, it tastes yummy.</description>
    </item>
    
    <item>
      <title>Step-by-Step Guide to Prepare Ultimate Cream Cheese Baked Pasta</title>
      <link>https://citations-d-amour.yippee-ki-yay.us/mix/10-step-by-step-guide-to-prepare-ultimate-cream-cheese-baked-pasta/</link>
      <pubDate>Wed, 29 Jul 2020 23:58:51 +0000</pubDate>
      
      <guid>https://citations-d-amour.yippee-ki-yay.us/mix/10-step-by-step-guide-to-prepare-ultimate-cream-cheese-baked-pasta/</guid>
      <description>Cream Cheese Baked Pasta
Hey everyone, I hope you are having an incredible day today. Today, I&amp;rsquo;m gonna show you how to make a special dish, cream cheese baked pasta. One of my favorites food recipes. For mine, I&amp;rsquo;m gonna make it a little bit unique. This will be really delicious.
Cream Cheese Baked Pasta is one of the most favored of current trending meals in the world. It&amp;rsquo;s appreciated by millions every day.</description>
    </item>
    
    <item>
      <title>Recipe of Homemade Brussel Sprout Salad with Bacon and Blue Cheese</title>
      <link>https://citations-d-amour.yippee-ki-yay.us/mix/4-recipe-of-homemade-brussel-sprout-salad-with-bacon-and-blue-cheese/</link>
      <pubDate>Mon, 27 Jul 2020 02:52:34 +0000</pubDate>
      
      <guid>https://citations-d-amour.yippee-ki-yay.us/mix/4-recipe-of-homemade-brussel-sprout-salad-with-bacon-and-blue-cheese/</guid>
      <description>Brussel Sprout Salad with Bacon and Blue Cheese
Hello everybody, I hope you&amp;rsquo;re having an amazing day today. Today, I will show you a way to make a distinctive dish, brussel sprout salad with bacon and blue cheese. It is one of my favorites food recipes. This time, I will make it a bit unique. This is gonna smell and look delicious.
Brussel Sprout Salad with Bacon and Blue Cheese is one of the most well liked of current trending meals on earth.</description>
    </item>
    
    <item>
      <title>Step-by-Step Guide to Make Award-winning The humble bacon, egg, and cheese sandwich</title>
      <link>https://citations-d-amour.yippee-ki-yay.us/mix/2-step-by-step-guide-to-make-award-winning-the-humble-bacon-egg-and-cheese-sandwich/</link>
      <pubDate>Fri, 10 Jul 2020 15:40:50 +0000</pubDate>
      
      <guid>https://citations-d-amour.yippee-ki-yay.us/mix/2-step-by-step-guide-to-make-award-winning-the-humble-bacon-egg-and-cheese-sandwich/</guid>
      <description>The humble bacon, egg, and cheese sandwich
Hello everybody, it&amp;rsquo;s John, welcome to my recipe page. Today, I&amp;rsquo;m gonna show you how to prepare a distinctive dish, the humble bacon, egg, and cheese sandwich. One of my favorites food recipes. This time, I will make it a little bit tasty. This is gonna smell and look delicious.
The humble bacon, egg, and cheese sandwich is one of the most popular of current trending foods in the world.</description>
    </item>
    
    <item>
      <title>Recipe of Perfect Baked Macaroni &amp; Cheese (Surf &amp; Turf)</title>
      <link>https://citations-d-amour.yippee-ki-yay.us/mix/0-recipe-of-perfect-baked-macaroni-cheese-surf-turf/</link>
      <pubDate>Tue, 07 Jul 2020 08:57:17 +0000</pubDate>
      
      <guid>https://citations-d-amour.yippee-ki-yay.us/mix/0-recipe-of-perfect-baked-macaroni-cheese-surf-turf/</guid>
      <description>Baked Macaroni &amp;amp;amp; Cheese (Surf &amp;amp;amp; Turf)
Hello everybody, it&amp;rsquo;s me, Dave, welcome to my recipe site. Today, I&amp;rsquo;m gonna show you how to make a distinctive dish, baked macaroni &amp;amp; cheese (surf &amp;amp; turf). It is one of my favorites. This time, I am going to make it a little bit unique. This will be really delicious.
Baked Macaroni &amp;amp; Cheese (Surf &amp;amp; Turf) is one of the most well liked of current trending meals in the world.</description>
    </item>
    
    <item>
      <title>Easiest Way to Prepare Ultimate Mini cheese cake(instant)😍</title>
      <link>https://citations-d-amour.yippee-ki-yay.us/mix/8-easiest-way-to-prepare-ultimate-mini-cheese-cakeinstant/</link>
      <pubDate>Sat, 27 Jun 2020 09:45:13 +0000</pubDate>
      
      <guid>https://citations-d-amour.yippee-ki-yay.us/mix/8-easiest-way-to-prepare-ultimate-mini-cheese-cakeinstant/</guid>
      <description>Mini cheese cake(instant)😍
Hello everybody, it&amp;rsquo;s Jim, welcome to our recipe page. Today, I will show you a way to make a distinctive dish, mini cheese cake(instant)😍. It is one of my favorites food recipes. This time, I&amp;rsquo;m gonna make it a little bit tasty. This will be really delicious.
Mini cheese cake(instant)😍 is one of the most popular of current trending foods in the world. It&amp;rsquo;s enjoyed by millions daily.</description>
    </item>
    
    <item>
      <title>Simple Way to Make Any-night-of-the-week Pot of macaroni and cheese</title>
      <link>https://citations-d-amour.yippee-ki-yay.us/mix/5-simple-way-to-make-any-night-of-the-week-pot-of-macaroni-and-cheese/</link>
      <pubDate>Tue, 16 Jun 2020 02:35:59 +0000</pubDate>
      
      <guid>https://citations-d-amour.yippee-ki-yay.us/mix/5-simple-way-to-make-any-night-of-the-week-pot-of-macaroni-and-cheese/</guid>
      <description>Pot of macaroni and cheese
Hey everyone, hope you&amp;rsquo;re having an amazing day today. Today, we&amp;rsquo;re going to make a distinctive dish, pot of macaroni and cheese. One of my favorites food recipes. For mine, I am going to make it a little bit tasty. This will be really delicious.
Yes we&#39;ve made the boxed version a lot, and I think I had it at. Need a homemade Macaroni and Cheese?</description>
    </item>
    
    <item>
      <title>Simple Way to Prepare Quick Mixed vegetables (Ghonto)</title>
      <link>https://citations-d-amour.yippee-ki-yay.us/mix/3183-simple-way-to-prepare-quick-mixed-vegetables-ghonto/</link>
      <pubDate>Sun, 17 May 2020 08:01:54 +0000</pubDate>
      
      <guid>https://citations-d-amour.yippee-ki-yay.us/mix/3183-simple-way-to-prepare-quick-mixed-vegetables-ghonto/</guid>
      <description>Mixed vegetables (Ghonto)
Hello everybody, it&amp;rsquo;s me again, Dan, welcome to our recipe page. Today, we&amp;rsquo;re going to make a distinctive dish, mixed vegetables (ghonto). One of my favorites food recipes. This time, I will make it a bit tasty. This will be really delicious.
Mixed vegetables (Ghonto) is one of the most well liked of recent trending meals in the world. It&amp;rsquo;s appreciated by millions daily. It is easy, it&amp;rsquo;s quick, it tastes delicious.</description>
    </item>
    
    <item>
      <title>Steps to Prepare Ultimate Cheese &amp; Hidden Egg Sandwich 🥪</title>
      <link>https://citations-d-amour.yippee-ki-yay.us/mix/3-steps-to-prepare-ultimate-cheese-hidden-egg-sandwich/</link>
      <pubDate>Tue, 12 May 2020 17:56:00 +0000</pubDate>
      
      <guid>https://citations-d-amour.yippee-ki-yay.us/mix/3-steps-to-prepare-ultimate-cheese-hidden-egg-sandwich/</guid>
      <description>Cheese &amp;amp;amp; Hidden Egg Sandwich 🥪
Hey everyone, hope you&amp;rsquo;re having an incredible day today. Today, I&amp;rsquo;m gonna show you how to make a distinctive dish, cheese &amp;amp; hidden egg sandwich 🥪. It is one of my favorites. This time, I am going to make it a little bit tasty. This is gonna smell and look delicious.
Cheese is a dairy product, derived from milk and produced in wide ranges of flavours, textures and forms by coagulation of the milk protein casein.</description>
    </item>
    
    <item>
      <title>How to Prepare Award-winning Mixed fish rolls</title>
      <link>https://citations-d-amour.yippee-ki-yay.us/mix/2751-how-to-prepare-award-winning-mixed-fish-rolls/</link>
      <pubDate>Wed, 29 Apr 2020 20:15:58 +0000</pubDate>
      
      <guid>https://citations-d-amour.yippee-ki-yay.us/mix/2751-how-to-prepare-award-winning-mixed-fish-rolls/</guid>
      <description>Mixed fish rolls
Hey everyone, it is John, welcome to our recipe page. Today, I&amp;rsquo;m gonna show you how to prepare a distinctive dish, mixed fish rolls. It is one of my favorites. For mine, I am going to make it a little bit tasty. This will be really delicious.
Mixed fish rolls is one of the most favored of current trending foods on earth. It is appreciated by millions daily.</description>
    </item>
    
    <item>
      <title>Easiest Way to Prepare Award-winning Mixed fried rice</title>
      <link>https://citations-d-amour.yippee-ki-yay.us/mix/2653-easiest-way-to-prepare-award-winning-mixed-fried-rice/</link>
      <pubDate>Sat, 25 Apr 2020 12:47:38 +0000</pubDate>
      
      <guid>https://citations-d-amour.yippee-ki-yay.us/mix/2653-easiest-way-to-prepare-award-winning-mixed-fried-rice/</guid>
      <description>Mixed fried rice
Hello everybody, it is Drew, welcome to our recipe page. Today, I will show you a way to make a distinctive dish, mixed fried rice. It is one of my favorites. This time, I am going to make it a bit unique. This will be really delicious.
This Chinese restaurant-style fried rice recipe is the absolute BEST. It&#39;s quick and easy to make, customizable with any of your favorite mix-ins, and so irresistibly delicious.</description>
    </item>
    
    <item>
      <title>Recipe of Favorite My king Prawn &amp;Mixed Fish Soup with Miso soup a Base. 😉</title>
      <link>https://citations-d-amour.yippee-ki-yay.us/mix/2748-recipe-of-favorite-my-king-prawn-mixed-fish-soup-with-miso-soup-a-base/</link>
      <pubDate>Thu, 02 Apr 2020 03:46:05 +0000</pubDate>
      
      <guid>https://citations-d-amour.yippee-ki-yay.us/mix/2748-recipe-of-favorite-my-king-prawn-mixed-fish-soup-with-miso-soup-a-base/</guid>
      <description>My king Prawn &amp;amp;amp;Mixed Fish Soup with Miso soup a Base. 😉
Hey everyone, I hope you&amp;rsquo;re having an incredible day today. Today, we&amp;rsquo;re going to make a distinctive dish, my king prawn &amp;amp;mixed fish soup with miso soup a base. 😉. It is one of my favorites. This time, I am going to make it a little bit unique. This will be really delicious.
King Prawn - Be Warned, Your Worst Enemy, Freedom Day, London Born, Day In, Day Out, Crackhead, Numeration Dub, Raise the Banner, Bitter Taste, Someone To Hate, People Taking Over.</description>
    </item>
    
    <item>
      <title>Recipe of Award-winning Colorful Mixed Vegetables</title>
      <link>https://citations-d-amour.yippee-ki-yay.us/mix/3414-recipe-of-award-winning-colorful-mixed-vegetables/</link>
      <pubDate>Sun, 01 Mar 2020 06:36:12 +0000</pubDate>
      
      <guid>https://citations-d-amour.yippee-ki-yay.us/mix/3414-recipe-of-award-winning-colorful-mixed-vegetables/</guid>
      <description>Colorful Mixed Vegetables
Hello everybody, hope you&amp;rsquo;re having an amazing day today. Today, I&amp;rsquo;m gonna show you how to make a special dish, colorful mixed vegetables. One of my favorites. This time, I am going to make it a bit unique. This will be really delicious.
Colorful Mixed Vegetables is one of the most popular of recent trending foods in the world. It is enjoyed by millions daily. It&amp;rsquo;s easy, it is quick, it tastes delicious.</description>
    </item>
    
    <item>
      <title>Recipe of Any-night-of-the-week My Mixed Seafood &amp; Veg Pie</title>
      <link>https://citations-d-amour.yippee-ki-yay.us/mix/2830-recipe-of-any-night-of-the-week-my-mixed-seafood-veg-pie/</link>
      <pubDate>Mon, 04 Nov 2019 03:33:45 +0000</pubDate>
      
      <guid>https://citations-d-amour.yippee-ki-yay.us/mix/2830-recipe-of-any-night-of-the-week-my-mixed-seafood-veg-pie/</guid>
      <description>My Mixed Seafood &amp;amp;amp; Veg Pie
Hey everyone, it&amp;rsquo;s me, Dave, welcome to my recipe page. Today, we&amp;rsquo;re going to prepare a special dish, my mixed seafood &amp;amp; veg pie. One of my favorites. This time, I am going to make it a little bit unique. This is gonna smell and look delicious.
Great recipe for My Mixed Seafood &amp;amp; Veg Pie. My husband loves fish anything so i always try to come up with a variety of ways.</description>
    </item>
    
    <item>
      <title>Easiest Way to Prepare Perfect Pandan Waffle</title>
      <link>https://citations-d-amour.yippee-ki-yay.us/mix/2453-easiest-way-to-prepare-perfect-pandan-waffle/</link>
      <pubDate>Fri, 11 Oct 2019 19:58:56 +0000</pubDate>
      
      <guid>https://citations-d-amour.yippee-ki-yay.us/mix/2453-easiest-way-to-prepare-perfect-pandan-waffle/</guid>
      <description>Pandan Waffle
Hello everybody, it is John, welcome to my recipe page. Today, we&amp;rsquo;re going to make a special dish, pandan waffle. It is one of my favorites food recipes. This time, I&amp;rsquo;m gonna make it a little bit tasty. This is gonna smell and look delicious.
This pandan waffle recipe takes it up a notch (and in a Vietnamese / southeast Asian direction) with Not to be confused with recipes like my thinner, bánh kẹp crispy pizzelles, this pandan waffle recipe.</description>
    </item>
    
    <item>
      <title>Recipe of Quick Mixed Greens, candied walnuts, feta &amp;cranberry</title>
      <link>https://citations-d-amour.yippee-ki-yay.us/mix/2448-recipe-of-quick-mixed-greens-candied-walnuts-feta-cranberry/</link>
      <pubDate>Tue, 01 Oct 2019 21:32:05 +0000</pubDate>
      
      <guid>https://citations-d-amour.yippee-ki-yay.us/mix/2448-recipe-of-quick-mixed-greens-candied-walnuts-feta-cranberry/</guid>
      <description>Mixed Greens, candied walnuts, feta &amp;amp;amp;cranberry
Hey everyone, it&amp;rsquo;s me again, Dan, welcome to my recipe site. Today, I&amp;rsquo;m gonna show you how to prepare a distinctive dish, mixed greens, candied walnuts, feta &amp;amp;cranberry. It is one of my favorites. This time, I&amp;rsquo;m gonna make it a little bit unique. This is gonna smell and look delicious.
Mixed Greens, candied walnuts, feta &amp;amp;cranberry is one of the most well liked of current trending foods on earth.</description>
    </item>
    
  </channel>
</rss>
