<?xml version="1.0" encoding="utf-8" standalone="yes"?>
<rss version="2.0" xmlns:atom="http://www.w3.org/2005/Atom">
  <channel>
    <title>Breads on Sleek Demo</title>
    <link>https://citations-d-amour.yippee-ki-yay.us/bread/</link>
    <description>Recent content in Breads on Sleek Demo</description>
    <generator>Hugo -- gohugo.io</generator>
    <language>en-us</language>
    <lastBuildDate>Sat, 19 Dec 2020 04:30:37 +0000</lastBuildDate><atom:link href="https://citations-d-amour.yippee-ki-yay.us/bread/index.xml" rel="self" type="application/rss+xml" />
    <item>
      <title>Recipe of Any-night-of-the-week Japanese-style Bread with Pollack Roe, Seaweed, Cheese, and Chikuwa</title>
      <link>https://citations-d-amour.yippee-ki-yay.us/bread/3-recipe-of-any-night-of-the-week-japanese-style-bread-with-pollack-roe-seaweed-cheese-and-chikuwa/</link>
      <pubDate>Sat, 19 Dec 2020 04:30:37 +0000</pubDate>
      
      <guid>https://citations-d-amour.yippee-ki-yay.us/bread/3-recipe-of-any-night-of-the-week-japanese-style-bread-with-pollack-roe-seaweed-cheese-and-chikuwa/</guid>
      <description>Japanese-style Bread with Pollack Roe, Seaweed, Cheese, and Chikuwa
Hey everyone, I hope you&amp;rsquo;re having an incredible day today. Today, I&amp;rsquo;m gonna show you how to make a special dish, japanese-style bread with pollack roe, seaweed, cheese, and chikuwa. One of my favorites food recipes. This time, I&amp;rsquo;m gonna make it a little bit tasty. This will be really delicious.
Japanese-style Bread with Pollack Roe, Seaweed, Cheese, and Chikuwa is one of the most popular of current trending meals on earth.</description>
    </item>
    
    <item>
      <title>How to Prepare Homemade Steam Banana Bread/Cake</title>
      <link>https://citations-d-amour.yippee-ki-yay.us/bread/0-how-to-prepare-homemade-steam-banana-bread-cake/</link>
      <pubDate>Thu, 01 Oct 2020 07:00:00 +0000</pubDate>
      
      <guid>https://citations-d-amour.yippee-ki-yay.us/bread/0-how-to-prepare-homemade-steam-banana-bread-cake/</guid>
      <description>Steam Banana Bread/Cake
Hey everyone, hope you&amp;rsquo;re having an amazing day today. Today, we&amp;rsquo;re going to make a distinctive dish, steam banana bread/cake. It is one of my favorites food recipes. For mine, I am going to make it a little bit tasty. This will be really delicious.
Sift the flour, baking powder, baking soda and salt in a big bowl, set aside. Melt the butter in a pot and set aside to cool.</description>
    </item>
    
    <item>
      <title>Steps to Make Award-winning Moist Chocolate Chip Banana Bread</title>
      <link>https://citations-d-amour.yippee-ki-yay.us/bread/4-steps-to-make-award-winning-moist-chocolate-chip-banana-bread/</link>
      <pubDate>Thu, 01 Oct 2020 06:31:11 +0000</pubDate>
      
      <guid>https://citations-d-amour.yippee-ki-yay.us/bread/4-steps-to-make-award-winning-moist-chocolate-chip-banana-bread/</guid>
      <description>Moist Chocolate Chip Banana Bread
Hey everyone, I hope you are having an incredible day today. Today, I will show you a way to prepare a special dish, moist chocolate chip banana bread. It is one of my favorites food recipes. This time, I&amp;rsquo;m gonna make it a little bit unique. This is gonna smell and look delicious.
Moist Chocolate Chip Banana Bread is one of the most favored of recent trending meals on earth.</description>
    </item>
    
    <item>
      <title>Recipe of Perfect Traditional Banana Bread</title>
      <link>https://citations-d-amour.yippee-ki-yay.us/bread/1-recipe-of-perfect-traditional-banana-bread/</link>
      <pubDate>Thu, 01 Oct 2020 05:20:12 +0000</pubDate>
      
      <guid>https://citations-d-amour.yippee-ki-yay.us/bread/1-recipe-of-perfect-traditional-banana-bread/</guid>
      <description>Traditional Banana Bread
Hey everyone, it&amp;rsquo;s Jim, welcome to my recipe site. Today, I&amp;rsquo;m gonna show you how to make a distinctive dish, traditional banana bread. It is one of my favorites. This time, I am going to make it a little bit tasty. This will be really delicious.
This banana bread is moist and delicious with loads of banana flavor! Friends and family love my recipe and say it&#39;s by far the best!</description>
    </item>
    
    <item>
      <title>Recipe of Homemade Soft and Buttery Milk and Yoghurt Bread Recipe</title>
      <link>https://citations-d-amour.yippee-ki-yay.us/bread/1309-recipe-of-homemade-soft-and-buttery-milk-and-yoghurt-bread-recipe/</link>
      <pubDate>Sun, 23 Aug 2020 14:53:38 +0000</pubDate>
      
      <guid>https://citations-d-amour.yippee-ki-yay.us/bread/1309-recipe-of-homemade-soft-and-buttery-milk-and-yoghurt-bread-recipe/</guid>
      <description>Soft and Buttery Milk and Yoghurt Bread Recipe
Hey everyone, hope you&amp;rsquo;re having an amazing day today. Today, I&amp;rsquo;m gonna show you how to make a distinctive dish, soft and buttery milk and yoghurt bread recipe. It is one of my favorites. For mine, I am going to make it a little bit tasty. This will be really delicious.
Health benefits of Buttermilk/Yogurt: Buttermilk supposedly helps in digestion Buttermilk and yogurt can be used interchangeably in baking recipes.</description>
    </item>
    
    <item>
      <title>Step-by-Step Guide to Make Ultimate Flat Bread/naan</title>
      <link>https://citations-d-amour.yippee-ki-yay.us/bread/2219-step-by-step-guide-to-make-ultimate-flat-bread-naan/</link>
      <pubDate>Fri, 29 May 2020 13:58:26 +0000</pubDate>
      
      <guid>https://citations-d-amour.yippee-ki-yay.us/bread/2219-step-by-step-guide-to-make-ultimate-flat-bread-naan/</guid>
      <description>Flat Bread/naan
Hello everybody, it&amp;rsquo;s Jim, welcome to my recipe page. Today, I&amp;rsquo;m gonna show you how to prepare a special dish, flat bread/naan. It is one of my favorites. This time, I will make it a bit tasty. This will be really delicious.
It is a flat bread that is traditionally cooked in a clay oven or &amp;quot;tandoor.&amp;quot; This recipe however uses a Naan, the most popular Indian bread in the Western word.</description>
    </item>
    
    <item>
      <title>Recipe of Any-night-of-the-week Soft and Buttery Milk and Yoghurt Bread Recipe</title>
      <link>https://citations-d-amour.yippee-ki-yay.us/bread/697-recipe-of-any-night-of-the-week-soft-and-buttery-milk-and-yoghurt-bread-recipe/</link>
      <pubDate>Wed, 20 May 2020 18:20:52 +0000</pubDate>
      
      <guid>https://citations-d-amour.yippee-ki-yay.us/bread/697-recipe-of-any-night-of-the-week-soft-and-buttery-milk-and-yoghurt-bread-recipe/</guid>
      <description>Soft and Buttery Milk and Yoghurt Bread Recipe
Hey everyone, hope you&amp;rsquo;re having an amazing day today. Today, I&amp;rsquo;m gonna show you how to prepare a special dish, soft and buttery milk and yoghurt bread recipe. It is one of my favorites food recipes. This time, I&amp;rsquo;m gonna make it a little bit unique. This will be really delicious.
Soft and Buttery Milk and Yoghurt Bread Recipe is one of the most favored of recent trending foods in the world.</description>
    </item>
    
    <item>
      <title>Recipe of Homemade Candy&#39;s beer bread</title>
      <link>https://citations-d-amour.yippee-ki-yay.us/bread/3266-recipe-of-homemade-candy-s-beer-bread/</link>
      <pubDate>Tue, 07 Apr 2020 09:29:52 +0000</pubDate>
      
      <guid>https://citations-d-amour.yippee-ki-yay.us/bread/3266-recipe-of-homemade-candy-s-beer-bread/</guid>
      <description>Candy&amp;#39;s beer bread
Hello everybody, it&amp;rsquo;s John, welcome to my recipe site. Today, I&amp;rsquo;m gonna show you how to make a special dish, candy&#39;s beer bread. It is one of my favorites food recipes. For mine, I am going to make it a little bit tasty. This will be really delicious.
Find Deals on Beer Bread Mix Tastefully Simple in Baking Supplies on Amazon. Great recipe for Candy&#39;s beer bread.</description>
    </item>
    
    <item>
      <title>Recipe of Homemade Basic white bread for bread machine</title>
      <link>https://citations-d-amour.yippee-ki-yay.us/bread/788-recipe-of-homemade-basic-white-bread-for-bread-machine/</link>
      <pubDate>Sat, 04 Apr 2020 21:03:53 +0000</pubDate>
      
      <guid>https://citations-d-amour.yippee-ki-yay.us/bread/788-recipe-of-homemade-basic-white-bread-for-bread-machine/</guid>
      <description>Basic white bread for bread machine
Hey everyone, it is me again, Dan, welcome to our recipe page. Today, I&amp;rsquo;m gonna show you how to make a special dish, basic white bread for bread machine. It is one of my favorites food recipes. This time, I am going to make it a bit tasty. This is gonna smell and look delicious.
Reviews for: Photos of White Bread For The Bread Machine.</description>
    </item>
    
    <item>
      <title>Recipe of Perfect THE DRUNKEN NUT ( alcoholic banana nut bread)</title>
      <link>https://citations-d-amour.yippee-ki-yay.us/bread/3675-recipe-of-perfect-the-drunken-nut-alcoholic-banana-nut-bread/</link>
      <pubDate>Wed, 01 Apr 2020 10:12:26 +0000</pubDate>
      
      <guid>https://citations-d-amour.yippee-ki-yay.us/bread/3675-recipe-of-perfect-the-drunken-nut-alcoholic-banana-nut-bread/</guid>
      <description>THE DRUNKEN NUT ( alcoholic banana nut bread)
Hey everyone, I hope you are having an amazing day today. Today, we&amp;rsquo;re going to prepare a special dish, the drunken nut ( alcoholic banana nut bread). One of my favorites food recipes. This time, I will make it a little bit tasty. This is gonna smell and look delicious.
This banana nut bread recipe makes a very dense and rich bread that will have your brunch guests begging for the recipe.</description>
    </item>
    
    <item>
      <title>Easiest Way to Prepare Perfect Soft and Buttery Milk and Yoghurt Bread Recipe</title>
      <link>https://citations-d-amour.yippee-ki-yay.us/bread/863-easiest-way-to-prepare-perfect-soft-and-buttery-milk-and-yoghurt-bread-recipe/</link>
      <pubDate>Sat, 21 Mar 2020 15:49:14 +0000</pubDate>
      
      <guid>https://citations-d-amour.yippee-ki-yay.us/bread/863-easiest-way-to-prepare-perfect-soft-and-buttery-milk-and-yoghurt-bread-recipe/</guid>
      <description>Soft and Buttery Milk and Yoghurt Bread Recipe
Hey everyone, I hope you are having an incredible day today. Today, I will show you a way to make a distinctive dish, soft and buttery milk and yoghurt bread recipe. One of my favorites food recipes. For mine, I will make it a bit unique. This is gonna smell and look delicious.
Soft and Buttery Milk and Yoghurt Bread Recipe is one of the most well liked of recent trending meals in the world.</description>
    </item>
    
    <item>
      <title>How to Make Ultimate Walnut raisins sour dough bread</title>
      <link>https://citations-d-amour.yippee-ki-yay.us/bread/2629-how-to-make-ultimate-walnut-raisins-sour-dough-bread/</link>
      <pubDate>Thu, 20 Feb 2020 14:17:36 +0000</pubDate>
      
      <guid>https://citations-d-amour.yippee-ki-yay.us/bread/2629-how-to-make-ultimate-walnut-raisins-sour-dough-bread/</guid>
      <description>Walnut raisins sour dough bread
Hey everyone, I hope you are having an amazing day today. Today, we&amp;rsquo;re going to prepare a special dish, walnut raisins sour dough bread. One of my favorites. This time, I am going to make it a bit unique. This will be really delicious.
Walnut raisins sour dough bread is one of the most well liked of recent trending meals in the world. It&amp;rsquo;s simple, it is quick, it tastes yummy.</description>
    </item>
    
    <item>
      <title>Easiest Way to Prepare Perfect Imbolc Ritual Cake  #heirloom I call this sun bread</title>
      <link>https://citations-d-amour.yippee-ki-yay.us/bread/844-easiest-way-to-prepare-perfect-imbolc-ritual-cake-heirloom-i-call-this-sun-bread/</link>
      <pubDate>Thu, 23 Jan 2020 02:13:25 +0000</pubDate>
      
      <guid>https://citations-d-amour.yippee-ki-yay.us/bread/844-easiest-way-to-prepare-perfect-imbolc-ritual-cake-heirloom-i-call-this-sun-bread/</guid>
      <description>![Imbolc Ritual Cake
#heirloom I call this sun bread](https://img-global.cpcdn.com/recipes/04d2e243484ead3a/751x532cq70/imbolc-ritual-cake-heirloom-i-call-this-sun-bread-recipe-main-photo.jpg)
Hey everyone, hope you&amp;rsquo;re having an amazing day today. Today, I&amp;rsquo;m gonna show you how to make a distinctive dish, imbolc ritual cake
#heirloom i call this sun bread. It is one of my favorites food recipes. For mine, I will make it a little bit tasty. This is gonna smell and look delicious.
Imbolc Ritual Cake
#heirloom I call this sun bread is one of the most popular of current trending foods in the world.</description>
    </item>
    
    <item>
      <title>Simple Way to Prepare Any-night-of-the-week Walnut Bread With Wheat Germ</title>
      <link>https://citations-d-amour.yippee-ki-yay.us/bread/3299-simple-way-to-prepare-any-night-of-the-week-walnut-bread-with-wheat-germ/</link>
      <pubDate>Fri, 03 Jan 2020 22:34:02 +0000</pubDate>
      
      <guid>https://citations-d-amour.yippee-ki-yay.us/bread/3299-simple-way-to-prepare-any-night-of-the-week-walnut-bread-with-wheat-germ/</guid>
      <description>Walnut Bread With Wheat Germ
Hello everybody, it is Drew, welcome to our recipe page. Today, I will show you a way to make a distinctive dish, walnut bread with wheat germ. One of my favorites food recipes. For mine, I am going to make it a bit tasty. This is gonna smell and look delicious.
Walnut Bread With Wheat Germ is one of the most favored of current trending meals on earth.</description>
    </item>
    
    <item>
      <title>Recipe of Any-night-of-the-week Mango bread</title>
      <link>https://citations-d-amour.yippee-ki-yay.us/bread/417-recipe-of-any-night-of-the-week-mango-bread/</link>
      <pubDate>Wed, 13 Nov 2019 20:36:35 +0000</pubDate>
      
      <guid>https://citations-d-amour.yippee-ki-yay.us/bread/417-recipe-of-any-night-of-the-week-mango-bread/</guid>
      <description>Mango bread
Hello everybody, it is Jim, welcome to my recipe page. Today, I will show you a way to prepare a special dish, mango bread. It is one of my favorites. For mine, I will make it a bit unique. This is gonna smell and look delicious.
Mango Bread. this link is to an external site that may or may not meet accessibility guidelines. I make lots of these during mango season and give away to friends and family.</description>
    </item>
    
    <item>
      <title>Simple Way to Make Any-night-of-the-week Quick Banana Nut Bread</title>
      <link>https://citations-d-amour.yippee-ki-yay.us/bread/3599-simple-way-to-make-any-night-of-the-week-quick-banana-nut-bread/</link>
      <pubDate>Thu, 24 Oct 2019 22:26:18 +0000</pubDate>
      
      <guid>https://citations-d-amour.yippee-ki-yay.us/bread/3599-simple-way-to-make-any-night-of-the-week-quick-banana-nut-bread/</guid>
      <description>Quick Banana Nut Bread
Hello everybody, hope you&amp;rsquo;re having an amazing day today. Today, I&amp;rsquo;m gonna show you how to make a special dish, quick banana nut bread. It is one of my favorites food recipes. For mine, I&amp;rsquo;m gonna make it a bit unique. This will be really delicious.
Quick Banana Nut Bread is one of the most favored of recent trending foods in the world. It is simple, it is fast, it tastes delicious.</description>
    </item>
    
    <item>
      <title>Simple Way to Make Favorite Punkin pie bread pudding (I)</title>
      <link>https://citations-d-amour.yippee-ki-yay.us/bread/3957-simple-way-to-make-favorite-punkin-pie-bread-pudding-i/</link>
      <pubDate>Sun, 22 Sep 2019 08:37:11 +0000</pubDate>
      
      <guid>https://citations-d-amour.yippee-ki-yay.us/bread/3957-simple-way-to-make-favorite-punkin-pie-bread-pudding-i/</guid>
      <description>Punkin pie bread pudding (I)
Hello everybody, hope you are having an amazing day today. Today, I&amp;rsquo;m gonna show you how to make a distinctive dish, punkin pie bread pudding (i). One of my favorites food recipes. For mine, I am going to make it a little bit tasty. This is gonna smell and look delicious.
Punkin pie bread pudding (I) is one of the most favored of recent trending foods on earth.</description>
    </item>
    
  </channel>
</rss>
