<?xml version="1.0" encoding="utf-8" standalone="yes"?>
<rss version="2.0" xmlns:atom="http://www.w3.org/2005/Atom">
  <channel>
    <title>Chickens on Sleek Demo</title>
    <link>https://citations-d-amour.yippee-ki-yay.us/chicken/</link>
    <description>Recent content in Chickens on Sleek Demo</description>
    <generator>Hugo -- gohugo.io</generator>
    <language>en-us</language>
    <lastBuildDate>Tue, 10 Nov 2020 08:19:11 +0000</lastBuildDate><atom:link href="https://citations-d-amour.yippee-ki-yay.us/chicken/index.xml" rel="self" type="application/rss+xml" />
    <item>
      <title>Simple Way to Make Perfect Slow Cooker Chicken Fajitas</title>
      <link>https://citations-d-amour.yippee-ki-yay.us/chicken/788-simple-way-to-make-perfect-slow-cooker-chicken-fajitas/</link>
      <pubDate>Tue, 10 Nov 2020 08:19:11 +0000</pubDate>
      
      <guid>https://citations-d-amour.yippee-ki-yay.us/chicken/788-simple-way-to-make-perfect-slow-cooker-chicken-fajitas/</guid>
      <description>Slow Cooker Chicken Fajitas
Hello everybody, it is me, Dave, welcome to our recipe site. Today, we&amp;rsquo;re going to prepare a distinctive dish, slow cooker chicken fajitas. It is one of my favorites. This time, I will make it a bit tasty. This is gonna smell and look delicious.
Slow Cooker Chicken Fajitas is one of the most well liked of recent trending foods in the world. It&amp;rsquo;s easy, it is quick, it tastes yummy.</description>
    </item>
    
    <item>
      <title>Easiest Way to Make Favorite Crockpot chicken tacos</title>
      <link>https://citations-d-amour.yippee-ki-yay.us/chicken/805-easiest-way-to-make-favorite-crockpot-chicken-tacos/</link>
      <pubDate>Sun, 19 Jul 2020 02:56:04 +0000</pubDate>
      
      <guid>https://citations-d-amour.yippee-ki-yay.us/chicken/805-easiest-way-to-make-favorite-crockpot-chicken-tacos/</guid>
      <description>Crockpot chicken tacos
Hey everyone, it&amp;rsquo;s Louise, welcome to our recipe site. Today, we&amp;rsquo;re going to prepare a special dish, crockpot chicken tacos. It is one of my favorites. This time, I&amp;rsquo;m gonna make it a little bit tasty. This is gonna smell and look delicious.
Chicken Crock-Pot / Slow Cooker Includes Make-Ahead Steps Main Dishes. At our house, these Crock-Pot Chicken Tacos really are &amp;quot;that one&amp;quot; recipe. The one that never ever fails to be awesome.</description>
    </item>
    
    <item>
      <title>Step-by-Step Guide to Make Quick Chicken Curry Stew Instant Pot IP</title>
      <link>https://citations-d-amour.yippee-ki-yay.us/chicken/935-step-by-step-guide-to-make-quick-chicken-curry-stew-instant-pot-ip/</link>
      <pubDate>Wed, 15 Jul 2020 04:23:53 +0000</pubDate>
      
      <guid>https://citations-d-amour.yippee-ki-yay.us/chicken/935-step-by-step-guide-to-make-quick-chicken-curry-stew-instant-pot-ip/</guid>
      <description>Chicken Curry Stew Instant Pot IP
Hey everyone, it&amp;rsquo;s Louise, welcome to our recipe site. Today, I will show you a way to prepare a distinctive dish, chicken curry stew instant pot ip. One of my favorites. For mine, I am going to make it a bit unique. This is gonna smell and look delicious.
Chicken Curry Stew Instant Pot IP is one of the most favored of recent trending foods on earth.</description>
    </item>
    
    <item>
      <title>Recipe of Ultimate Cheesy Crock pot Chicken &amp; Rice</title>
      <link>https://citations-d-amour.yippee-ki-yay.us/chicken/846-recipe-of-ultimate-cheesy-crock-pot-chicken-rice/</link>
      <pubDate>Wed, 08 Jul 2020 18:00:20 +0000</pubDate>
      
      <guid>https://citations-d-amour.yippee-ki-yay.us/chicken/846-recipe-of-ultimate-cheesy-crock-pot-chicken-rice/</guid>
      <description>Cheesy Crock pot Chicken &amp;amp;amp; Rice
Hey everyone, I hope you&amp;rsquo;re having an amazing day today. Today, we&amp;rsquo;re going to prepare a special dish, cheesy crock pot chicken &amp;amp; rice. One of my favorites food recipes. For mine, I will make it a little bit tasty. This will be really delicious.
Cheesy Crock pot Chicken &amp;amp; Rice is one of the most favored of current trending meals in the world.</description>
    </item>
    
    <item>
      <title>Simple Way to Prepare Homemade Budget friendly creamy chicken with pasta (crockpot)</title>
      <link>https://citations-d-amour.yippee-ki-yay.us/chicken/836-simple-way-to-prepare-homemade-budget-friendly-creamy-chicken-with-pasta-crockpot/</link>
      <pubDate>Fri, 12 Jun 2020 00:47:05 +0000</pubDate>
      
      <guid>https://citations-d-amour.yippee-ki-yay.us/chicken/836-simple-way-to-prepare-homemade-budget-friendly-creamy-chicken-with-pasta-crockpot/</guid>
      <description>Budget friendly creamy chicken with pasta (crockpot)
Hey everyone, hope you&amp;rsquo;re having an incredible day today. Today, I&amp;rsquo;m gonna show you how to make a special dish, budget friendly creamy chicken with pasta (crockpot). It is one of my favorites food recipes. For mine, I will make it a bit tasty. This is gonna smell and look delicious.
Budget friendly creamy chicken with pasta (crockpot) is one of the most favored of recent trending foods on earth.</description>
    </item>
    
    <item>
      <title>Easiest Way to Prepare Perfect Sour Cream and Bacon Crockpot Chicken</title>
      <link>https://citations-d-amour.yippee-ki-yay.us/chicken/806-easiest-way-to-prepare-perfect-sour-cream-and-bacon-crockpot-chicken/</link>
      <pubDate>Sun, 07 Jun 2020 11:37:00 +0000</pubDate>
      
      <guid>https://citations-d-amour.yippee-ki-yay.us/chicken/806-easiest-way-to-prepare-perfect-sour-cream-and-bacon-crockpot-chicken/</guid>
      <description>Sour Cream and Bacon Crockpot Chicken
Hey everyone, I hope you&amp;rsquo;re having an amazing day today. Today, I will show you a way to prepare a special dish, sour cream and bacon crockpot chicken. It is one of my favorites. This time, I am going to make it a bit unique. This will be really delicious.
Sour Cream and Bacon Crockpot Chicken is one of the most favored of current trending meals on earth.</description>
    </item>
    
    <item>
      <title>Easiest Way to Make Super Quick Homemade Crockpot Macaroni and Beef/Chicken</title>
      <link>https://citations-d-amour.yippee-ki-yay.us/chicken/800-easiest-way-to-make-super-quick-homemade-crockpot-macaroni-and-beef-chicken/</link>
      <pubDate>Fri, 29 May 2020 21:10:02 +0000</pubDate>
      
      <guid>https://citations-d-amour.yippee-ki-yay.us/chicken/800-easiest-way-to-make-super-quick-homemade-crockpot-macaroni-and-beef-chicken/</guid>
      <description>Crockpot Macaroni and Beef/Chicken
Hello everybody, I hope you&amp;rsquo;re having an incredible day today. Today, I&amp;rsquo;m gonna show you how to make a special dish, crockpot macaroni and beef/chicken. It is one of my favorites. This time, I&amp;rsquo;m gonna make it a bit unique. This is gonna smell and look delicious.
Crockpot Macaroni and Beef/Chicken is one of the most well liked of current trending meals on earth. It is enjoyed by millions daily.</description>
    </item>
    
    <item>
      <title>Steps to Make Perfect Easy Crockpot chicken Parmesan pasta</title>
      <link>https://citations-d-amour.yippee-ki-yay.us/chicken/773-steps-to-make-perfect-easy-crockpot-chicken-parmesan-pasta/</link>
      <pubDate>Tue, 26 May 2020 05:27:33 +0000</pubDate>
      
      <guid>https://citations-d-amour.yippee-ki-yay.us/chicken/773-steps-to-make-perfect-easy-crockpot-chicken-parmesan-pasta/</guid>
      <description>Easy Crockpot chicken Parmesan pasta
Hello everybody, hope you&amp;rsquo;re having an incredible day today. Today, I will show you a way to prepare a special dish, easy crockpot chicken parmesan pasta. One of my favorites food recipes. For mine, I will make it a bit tasty. This will be really delicious.
Easy Crockpot chicken Parmesan pasta is one of the most well liked of recent trending foods on earth. It&amp;rsquo;s simple, it is fast, it tastes delicious.</description>
    </item>
    
    <item>
      <title>Step-by-Step Guide to Prepare Ultimate Slow Cooker Salsa Chicken Tacos</title>
      <link>https://citations-d-amour.yippee-ki-yay.us/chicken/812-step-by-step-guide-to-prepare-ultimate-slow-cooker-salsa-chicken-tacos/</link>
      <pubDate>Sat, 23 May 2020 17:32:57 +0000</pubDate>
      
      <guid>https://citations-d-amour.yippee-ki-yay.us/chicken/812-step-by-step-guide-to-prepare-ultimate-slow-cooker-salsa-chicken-tacos/</guid>
      <description>Slow Cooker Salsa Chicken Tacos
Hey everyone, it&amp;rsquo;s me again, Dan, welcome to our recipe page. Today, I will show you a way to make a distinctive dish, slow cooker salsa chicken tacos. One of my favorites food recipes. This time, I will make it a little bit unique. This is gonna smell and look delicious.
Slow Cooker Salsa Chicken Tacos is one of the most favored of current trending foods in the world.</description>
    </item>
    
    <item>
      <title>Recipe of Speedy Crock pot Chicken and dumpling with rice</title>
      <link>https://citations-d-amour.yippee-ki-yay.us/chicken/826-recipe-of-speedy-crock-pot-chicken-and-dumpling-with-rice/</link>
      <pubDate>Sat, 16 May 2020 19:33:41 +0000</pubDate>
      
      <guid>https://citations-d-amour.yippee-ki-yay.us/chicken/826-recipe-of-speedy-crock-pot-chicken-and-dumpling-with-rice/</guid>
      <description>Crock pot Chicken and dumpling with rice
Hello everybody, it&amp;rsquo;s Drew, welcome to my recipe site. Today, I&amp;rsquo;m gonna show you how to prepare a special dish, crock pot chicken and dumpling with rice. One of my favorites. For mine, I will make it a bit tasty. This is gonna smell and look delicious.
First, you lay boneless skinless chicken breasts over a bed of onion in your slow cooker, then pour cream of chicken soup and chicken broth on top.</description>
    </item>
    
    <item>
      <title>Steps to Make Favorite Cajun crockpot chicken</title>
      <link>https://citations-d-amour.yippee-ki-yay.us/chicken/784-steps-to-make-favorite-cajun-crockpot-chicken/</link>
      <pubDate>Sat, 02 May 2020 04:47:57 +0000</pubDate>
      
      <guid>https://citations-d-amour.yippee-ki-yay.us/chicken/784-steps-to-make-favorite-cajun-crockpot-chicken/</guid>
      <description>Cajun crockpot chicken
Hello everybody, I hope you&amp;rsquo;re having an amazing day today. Today, I&amp;rsquo;m gonna show you how to prepare a distinctive dish, cajun crockpot chicken. One of my favorites. For mine, I am going to make it a little bit tasty. This is gonna smell and look delicious.
Cajun crockpot chicken is one of the most favored of recent trending foods in the world. It&amp;rsquo;s simple, it is quick, it tastes yummy.</description>
    </item>
    
    <item>
      <title>Easiest Way to Make Homemade Easy Crock Pot Bbq Chicken</title>
      <link>https://citations-d-amour.yippee-ki-yay.us/chicken/813-easiest-way-to-make-homemade-easy-crock-pot-bbq-chicken/</link>
      <pubDate>Sat, 04 Apr 2020 01:56:17 +0000</pubDate>
      
      <guid>https://citations-d-amour.yippee-ki-yay.us/chicken/813-easiest-way-to-make-homemade-easy-crock-pot-bbq-chicken/</guid>
      <description>Easy Crock Pot Bbq Chicken
Hey everyone, it&amp;rsquo;s Louise, welcome to my recipe site. Today, I&amp;rsquo;m gonna show you how to make a special dish, easy crock pot bbq chicken. It is one of my favorites. For mine, I will make it a little bit unique. This will be really delicious.
Easy Crock Pot Bbq Chicken is one of the most well liked of recent trending foods on earth. It is enjoyed by millions every day.</description>
    </item>
    
    <item>
      <title>Recipe of Favorite Slow cooker chicken</title>
      <link>https://citations-d-amour.yippee-ki-yay.us/chicken/821-recipe-of-favorite-slow-cooker-chicken/</link>
      <pubDate>Thu, 02 Apr 2020 20:21:10 +0000</pubDate>
      
      <guid>https://citations-d-amour.yippee-ki-yay.us/chicken/821-recipe-of-favorite-slow-cooker-chicken/</guid>
      <description>Slow cooker chicken
Hello everybody, hope you&amp;rsquo;re having an incredible day today. Today, I&amp;rsquo;m gonna show you how to prepare a special dish, slow cooker chicken. One of my favorites. For mine, I am going to make it a little bit unique. This will be really delicious.
These fall-apart chicken ideas are basically the easiest recipes ever. The slow cooker does most of the work for you, so your. Find delicious slow cooker chicken recipes for soup, chili, pulled chicken, shredded chicken, and more.</description>
    </item>
    
  </channel>
</rss>
