<?xml version="1.0" encoding="utf-8" standalone="yes"?>
<rss version="2.0" xmlns:atom="http://www.w3.org/2005/Atom">
  <channel>
    <title>Pages on Sleek Demo</title>
    <link>https://citations-d-amour.yippee-ki-yay.us/pages/</link>
    <description>Recent content in Pages on Sleek Demo</description>
    <generator>Hugo -- gohugo.io</generator>
    <language>en-us</language>
    <lastBuildDate>Fri, 14 Aug 2020 04:29:14 +0000</lastBuildDate><atom:link href="https://citations-d-amour.yippee-ki-yay.us/pages/index.xml" rel="self" type="application/rss+xml" />
    <item>
      <title>Contact</title>
      <link>https://citations-d-amour.yippee-ki-yay.us/pages/contact/</link>
      <pubDate>Fri, 14 Aug 2020 04:29:14 +0000</pubDate>
      
      <guid>https://citations-d-amour.yippee-ki-yay.us/pages/contact/</guid>
      <description>Have any question, comment, suggestion or news tip to pass along to our site?
We are open to discuss all of the possibilities with you. This page offering the right way to sent any comments to -basedomain- admin related to your feedback, news coverage and other issues related to this site.
We are happy to hear information from you please write a subject format:
Claim Picture [picture name] [url to real picture] : if you are the real owner to claim your picture and need back links.</description>
    </item>
    
    <item>
      <title>Copyright</title>
      <link>https://citations-d-amour.yippee-ki-yay.us/pages/copyright/</link>
      <pubDate>Fri, 14 Aug 2020 04:29:14 +0000</pubDate>
      
      <guid>https://citations-d-amour.yippee-ki-yay.us/pages/copyright/</guid>
      <description>Digital Millennium Copyright Act Notification Guidelines All images displayed on this site are copyrighted to their respective owners/uploaders. www.eluxurysall.com policy is to remove all images that violate copyrights. Please contact us to request that images be removed or to assign proper credit. The images displayed on this site may be used for Free or educational purposes only. If you would like to use any of the images displayed on this site for any other purpose, please obtain permission from the owner.</description>
    </item>
    
    <item>
      <title>DMCA Policy</title>
      <link>https://citations-d-amour.yippee-ki-yay.us/pages/dmca/</link>
      <pubDate>Fri, 14 Aug 2020 04:29:14 +0000</pubDate>
      
      <guid>https://citations-d-amour.yippee-ki-yay.us/pages/dmca/</guid>
      <description>Notification of Copyright Infringement We respect the intellectual property rights of others and expects our users to do the same. In accordance with the Digital Millennium Copyright Act of 1998, the text of which may be found on the U.S. Copyright Office website at http://www.copyright.gov/legislation/dmca.pdf, we will respond expeditiously to claims of copyright infringement committed using our service that are reported to our Designated Copyright Agent identified in the sample notice below.</description>
    </item>
    
    <item>
      <title>Privacy Policy</title>
      <link>https://citations-d-amour.yippee-ki-yay.us/pages/privacy-policy/</link>
      <pubDate>Fri, 14 Aug 2020 04:29:14 +0000</pubDate>
      
      <guid>https://citations-d-amour.yippee-ki-yay.us/pages/privacy-policy/</guid>
      <description>The following is the privacy policy of google, so with that I will implement on my blog by e-mail address contact@www.eluxurysall.com.
Last modified: March 1, 2012 (view archived versions)
There are many different ways you can use our services – to search for and share information, to communicate with other people or to create new content. When you share information with us, for example by creating a Google Account, we can make those services even better – to show you more relevant search results and ads, to help you connect with people or to make sharing with others quicker and easier.</description>
    </item>
    
  </channel>
</rss>
